Date,Open,Close,High,Low,Volume,Amount,Amplitude,PctChg,Change,Turnover
2024-01-02,35.87,35.14,35.95,35.05,91735,343290245.00,2.51,-2.04,-0.73,0.16
2024-01-03,35.06,34.97,35.42,34.73,67303,249321150.00,1.96,-0.48,-0.17,0.12
2024-01-04,34.96,33.73,34.96,33.48,116108,417476610.00,4.23,-3.55,-1.24,0.21
2024-01-05,33.73,32.87,33.93,32.64,130887,460755408.00,3.82,-2.55,-0.86,0.24
2024-01-08,32.85,32.43,33.00,32.27,89611,309961046.00,2.22,-1.34,-0.44,0.16
2024-01-09,32.43,32.53,33.00,32.10,80398,278390217.00,2.78,0.31,0.10,0.14
2024-01-10,32.27,32.74,33.30,32.12,92082,320081145.00,3.63,0.65,0.21,0.17
2024-01-11,32.62,32.78,33.02,32.17,94061,326300848.00,2.60,0.12,0.04,0.17
2024-01-12,32.50,32.46,32.93,32.23,72889,252552770.00,2.14,-0.98,-0.32,0.13
2024-01-15,32.22,32.23,32.77,32.04,87990,302758461.00,2.25,-0.71,-0.23,0.16
2024-01-16,32.12,32.28,32.35,31.82,96479,329582989.00,1.64,0.16,0.05,0.17
2024-01-17,32.28,31.62,32.29,31.62,102500,347156790.00,2.08,-2.04,-0.66,0.18
2024-01-18,31.67,32.62,32.72,30.94,170077,572543865.00,5.63,3.16,1.00,0.31
2024-01-19,32.32,32.92,33.14,32.30,149901,523390970.00,2.58,0.92,0.30,0.27
2024-01-22,32.98,33.12,33.22,32.42,146550,513387930.00,2.43,0.61,0.20,0.26
2024-01-23,32.72,33.08,33.34,32.43,119628,418499941.00,2.75,-0.12,-0.04,0.22
2024-01-24,33.60,33.55,34.01,32.84,124320,440842107.00,3.54,1.42,0.47,0.22
2024-01-25,33.94,33.74,33.96,33.32,99013,354022753.00,1.91,0.57,0.19,0.18
2024-01-26,33.40,33.60,33.70,33.14,97558,345750532.00,1.66,-0.41,-0.14,0.18
2024-01-29,33.37,33.02,33.76,32.77,89180,314585104.00,2.95,-1.73,-0.58,0.16
2024-01-30,32.82,32.91,33.12,32.31,100979,351906123.00,2.45,-0.33,-0.11,0.18
2024-01-31,32.83,31.85,32.95,31.78,102081,350101624.00,3.56,-3.22,-1.06,0.18
2024-02-01,32.02,32.32,32.59,31.78,98980,339968173.00,2.54,1.48,0.47,0.18
2024-02-02,32.48,32.56,33.00,31.42,105982,365190317.00,4.89,0.74,0.24,0.19
2024-02-05,32.20,33.02,33.22,31.57,155237,534880663.00,5.07,1.41,0.46,0.28
2024-02-06,32.92,34.71,34.72,32.67,180938,656566098.00,6.21,5.12,1.69,0.33
2024-02-07,34.82,35.45,35.45,34.43,170841,635489988.00,2.94,2.13,0.74,0.31
2024-02-08,35.42,35.28,35.86,34.87,130940,488449734.00,2.79,-0.48,-0.17,0.24
2024-02-19,35.90,35.70,36.17,35.43,140375,530811482.00,2.10,1.19,0.42,0.25
2024-02-20,35.90,35.73,36.15,35.42,96752,364837888.00,2.04,0.08,0.03,0.17
2024-02-21,35.40,37.52,37.87,35.33,261344,1023619761.00,7.11,5.01,1.79,0.47
2024-02-22,37.62,39.20,39.29,37.27,195900,791910115.00,5.38,4.48,1.68,0.35
2024-02-23,39.21,39.40,39.66,38.62,151203,624838581.00,2.65,0.51,0.20,0.27
2024-02-26,39.20,38.14,39.40,38.12,136374,554623172.00,3.25,-3.20,-1.26,0.25
2024-02-27,37.82,38.21,38.24,37.62,94879,379413457.00,1.63,0.18,0.07,0.17
2024-02-28,38.21,38.33,39.30,37.94,126529,515322092.00,3.56,0.31,0.12,0.23
2024-02-29,38.33,38.58,38.92,38.25,87316,355245759.00,1.75,0.65,0.25,0.16
2024-03-01,38.42,38.31,38.64,38.02,96736,390533729.00,1.61,-0.70,-0.27,0.17
2024-03-04,38.17,37.88,38.22,37.39,88920,355221804.00,2.17,-1.12,-0.43,0.16
2024-03-05,37.81,38.86,38.90,37.64,119221,484362174.00,3.33,2.59,0.98,0.21
2024-03-06,38.86,37.92,39.14,37.92,83439,336566550.00,3.14,-2.42,-0.94,0.15
2024-03-07,37.92,37.28,38.22,37.22,87402,346789486.00,2.64,-1.69,-0.64,0.16
2024-03-08,37.30,37.04,37.69,36.78,60468,236738196.00,2.44,-0.64,-0.24,0.11
2024-03-11,37.11,37.92,38.12,37.08,89049,354880374.00,2.81,2.38,0.88,0.16
2024-03-12,37.92,40.09,40.22,37.86,195102,808795228.00,6.22,5.72,2.17,0.35
2024-03-13,40.02,39.65,40.52,39.16,116305,485358768.00,3.39,-1.10,-0.44,0.21
2024-03-14,39.61,39.14,39.92,39.05,63311,262203072.00,2.19,-1.29,-0.51,0.11
2024-03-15,39.03,38.92,39.60,38.47,82792,338823426.00,2.89,-0.56,-0.22,0.15
2024-03-18,38.91,39.07,39.30,38.47,82198,336666262.00,2.13,0.39,0.15,0.15
2024-03-19,38.90,38.63,39.21,38.40,70462,287813445.00,2.07,-1.13,-0.44,0.13
2024-03-20,38.62,38.50,38.72,38.27,50983,206743528.00,1.16,-0.34,-0.13,0.09
2024-03-21,38.85,38.70,39.12,38.41,68871,281026851.00,1.84,0.52,0.20,0.12
2024-03-22,38.59,37.75,38.69,37.33,93982,374391576.00,3.51,-2.45,-0.95,0.17
2024-03-25,37.93,37.55,38.40,37.30,60801,242176253.00,2.91,-0.53,-0.20,0.11
2024-03-26,38.02,38.92,38.92,37.78,86804,349687414.00,3.04,3.65,1.37,0.16
2024-03-27,38.55,37.97,38.82,37.92,70952,285443525.00,2.31,-2.44,-0.95,0.13
2024-03-28,37.35,37.50,38.12,36.85,126410,500438226.00,3.34,-1.24,-0.47,0.23
2024-03-29,37.47,37.33,37.92,37.12,39952,157617696.00,2.13,-0.45,-0.17,0.07
2024-04-01,37.31,37.71,38.27,37.30,80163,319756976.00,2.60,1.02,0.38,0.14
2024-04-02,37.73,36.71,37.81,36.52,98068,381187675.00,3.42,-2.65,-1.00,0.18
2024-04-03,36.53,36.47,37.03,36.32,64921,251107814.00,1.93,-0.65,-0.24,0.12
2024-04-08,36.42,35.79,36.46,35.73,83542,317550350.00,2.00,-1.86,-0.68,0.15
2024-04-09,35.88,35.86,36.12,35.28,80740,305187213.00,2.35,0.20,0.07,0.15
2024-04-10,35.86,35.32,35.90,35.13,64407,241395569.00,2.15,-1.51,-0.54,0.12
2024-04-11,34.92,34.81,35.22,34.57,71243,262899089.00,1.84,-1.44,-0.51,0.13
2024-04-12,34.82,34.08,35.24,33.92,96843,353523574.00,3.79,-2.10,-0.73,0.17
2024-04-15,34.02,34.77,34.94,33.94,96078,353020496.00,2.93,2.02,0.69,0.17
2024-04-16,34.63,34.46,35.46,34.34,114359,422466535.00,3.22,-0.89,-0.31,0.21
2024-04-17,34.49,35.19,35.27,34.28,88698,327993273.00,2.87,2.12,0.73,0.16
2024-04-18,35.12,35.60,36.37,34.80,107429,406846871.00,4.46,1.17,0.41,0.19
2024-04-19,35.46,35.11,35.60,34.63,72468,268660107.00,2.72,-1.38,-0.49,0.13
2024-04-22,35.10,35.92,36.15,34.81,91129,344826019.00,3.82,2.31,0.81,0.16
2024-04-23,36.22,35.89,36.37,35.58,62971,239405415.00,2.20,-0.08,-0.03,0.11
2024-04-24,36.35,35.63,36.37,35.44,59109,223340503.00,2.59,-0.72,-0.26,0.11
2024-04-25,35.63,35.98,36.10,35.15,63108,238755711.00,2.67,0.98,0.35,0.11
2024-04-26,35.77,36.76,36.99,35.73,102459,396528564.00,3.50,2.17,0.78,0.18
2024-04-29,37.12,37.49,38.29,36.94,149004,591259153.00,3.67,1.99,0.73,0.27
2024-04-30,37.46,37.18,37.76,37.01,79828,314636389.00,2.00,-0.83,-0.31,0.14
2024-05-06,37.83,37.60,38.31,37.25,112457,448610276.00,2.85,1.13,0.42,0.20
2024-05-07,37.38,37.65,37.82,37.01,82391,326517390.00,2.15,0.13,0.05,0.15
2024-05-08,37.60,37.01,37.68,36.87,74091,290600772.00,2.15,-1.70,-0.64,0.13
2024-05-09,37.00,36.85,37.20,36.63,97630,380241046.00,1.54,-0.43,-0.16,0.18
2024-05-10,36.91,36.77,37.28,36.42,69802,270982620.00,2.33,-0.22,-0.08,0.13
2024-05-13,36.53,36.56,36.74,36.08,62735,241319690.00,1.79,-0.57,-0.21,0.11
2024-05-14,36.56,36.22,36.83,36.13,84231,323786260.00,1.91,-0.93,-0.34,0.15
2024-05-15,36.20,35.82,36.42,35.78,53884,204779731.00,1.77,-1.10,-0.40,0.10
2024-05-16,35.92,35.42,35.97,35.20,98969,371613501.00,2.15,-1.12,-0.40,0.18
2024-05-17,35.42,35.92,35.96,35.15,103003,388947136.00,2.29,1.41,0.50,0.19
2024-05-20,35.92,36.27,36.77,35.92,130067,500019285.00,2.37,0.97,0.35,0.23
2024-05-21,36.22,36.88,36.88,35.76,81920,313141254.00,3.09,1.68,0.61,0.15
2024-05-22,36.48,35.83,36.48,35.66,135087,513051458.00,2.22,-2.85,-1.05,0.24
2024-05-23,35.62,35.01,35.70,34.92,109893,410232379.00,2.18,-2.29,-0.82,0.20
2024-05-24,34.69,33.93,34.80,33.93,178696,648003318.00,2.49,-3.08,-1.08,0.32
2024-05-27,33.94,34.13,34.16,33.51,115076,412631879.00,1.92,0.59,0.20,0.21
2024-05-28,34.07,33.73,34.10,33.64,73505,263744773.00,1.35,-1.17,-0.40,0.13
2024-05-29,33.73,33.92,34.10,33.73,57899,208709768.00,1.10,0.56,0.19,0.10
2024-05-30,33.97,34.04,34.31,33.82,75583,273015722.00,1.44,0.35,0.12,0.14
2024-05-31,34.31,33.72,34.40,33.72,78612,282871777.00,2.00,-0.94,-0.32,0.14
2024-06-03,33.72,33.52,33.82,33.22,83371,296458343.00,1.78,-0.59,-0.20,0.15
2024-06-04,33.49,33.95,34.10,33.43,75493,271375823.00,2.00,1.28,0.43,0.14
2024-06-05,34.10,33.94,34.34,33.87,63103,228161142.00,1.38,-0.03,-0.01,0.11
2024-06-06,33.96,33.66,34.25,33.57,79593,285497078.00,2.00,-0.82,-0.28,0.14
2024-06-07,33.87,33.38,34.07,33.22,78249,278213530.00,2.53,-0.83,-0.28,0.14
2024-06-11,33.30,33.27,33.49,32.97,60682,214508185.00,1.56,-0.33,-0.11,0.11
2024-06-12,33.22,33.45,33.71,33.22,66829,237796324.00,1.47,0.54,0.18,0.12
2024-06-13,33.45,33.33,33.50,33.17,57815,204670069.00,0.99,-0.36,-0.12,0.10
2024-06-14,33.32,33.86,33.99,32.99,104363,370951850.00,3.00,1.59,0.53,0.19
2024-06-17,33.78,33.88,33.99,33.57,67247,241539334.00,1.24,0.06,0.02,0.12
2024-06-18,33.95,33.94,34.24,33.70,67734,244269316.00,1.59,0.18,0.06,0.12
2024-06-19,34.08,33.60,34.08,33.50,60744,213074537.00,1.71,-1.00,-0.34,0.11
2024-06-20,33.53,33.25,33.79,33.20,60995,212268880.00,1.76,-1.04,-0.35,0.11
2024-06-21,33.24,32.93,33.33,32.58,107776,369879326.00,2.26,-0.96,-0.32,0.19
2024-06-24,33.38,33.96,34.37,32.62,170626,600730710.00,5.31,3.13,1.03,0.31
2024-06-25,33.96,33.84,34.25,33.63,88956,314209747.00,1.83,-0.35,-0.12,0.16
2024-06-26,33.84,33.51,33.89,32.90,107589,372764913.00,2.93,-0.98,-0.33,0.19
2024-06-27,33.46,33.46,33.66,33.01,82893,288508135.00,1.94,-0.15,-0.05,0.15
2024-06-28,33.40,33.05,33.62,32.88,86873,300798484.00,2.21,-1.23,-0.41,0.16
2024-07-01,32.96,32.98,33.12,32.58,67216,230269227.00,1.63,-0.21,-0.07,0.12
2024-07-02,32.70,32.73,33.06,32.63,86913,297032694.00,1.30,-0.76,-0.25,0.16
2024-07-03,32.65,32.73,32.93,32.36,73965,251742650.00,1.74,0.00,0.00,0.13
2024-07-04,32.83,32.80,33.58,32.55,101523,349124271.00,3.15,0.21,0.07,0.18
2024-07-05,32.80,32.29,32.88,32.10,99837,336981227.00,2.38,-1.55,-0.51,0.18
2024-07-08,32.08,31.92,32.26,31.85,67745,226249913.00,1.27,-1.15,-0.37,0.12
2024-07-09,31.98,32.42,32.51,31.76,90590,304288889.00,2.35,1.57,0.50,0.16
2024-07-10,32.26,32.71,32.95,32.08,86363,294351348.00,2.68,0.89,0.29,0.16
2024-07-11,33.02,33.17,33.75,32.80,100681,349394161.00,2.90,1.41,0.46,0.18
2024-07-12,33.68,33.22,33.70,32.94,64147,222428758.00,2.29,0.15,0.05,0.12
2024-07-15,33.11,32.92,33.43,32.68,52682,181021735.00,2.26,-0.90,-0.30,0.09
2024-07-16,32.76,32.83,33.23,32.69,67813,233283184.00,1.64,-0.27,-0.09,0.12
2024-07-17,32.68,33.68,33.73,32.53,129283,449641366.00,3.66,2.59,0.85,0.23
2024-07-18,33.58,34.36,34.44,33.48,149101,530402943.00,2.85,2.02,0.68,0.27
2024-07-19,34.36,34.85,34.95,34.02,133610,481930424.00,2.71,1.43,0.49,0.24
2024-07-22,34.95,34.28,34.98,34.14,100048,359254892.00,2.41,-1.64,-0.57,0.18
2024-07-23,34.28,33.00,34.34,33.00,100770,352605495.00,3.91,-3.73,-1.28,0.18
2024-07-24,33.01,32.55,33.16,32.34,76003,259185619.00,2.48,-1.36,-0.45,0.14
2024-07-25,32.41,32.83,33.08,32.40,71581,245031597.00,2.09,0.86,0.28,0.13
2024-07-26,32.68,32.91,33.56,32.68,65788,226606204.00,2.68,0.24,0.08,0.12
2024-07-29,32.91,32.13,33.18,32.10,85472,289024696.00,3.28,-2.37,-0.78,0.15
2024-07-30,32.12,32.18,32.18,31.66,77823,259244295.00,1.62,0.16,0.05,0.14
2024-07-31,31.98,33.72,33.75,31.94,154075,533820948.00,5.62,4.79,1.54,0.28
2024-08-01,33.85,33.19,33.87,33.19,74283,259090269.00,2.02,-1.57,-0.53,0.13
2024-08-02,33.03,33.23,33.68,33.02,55541,193094907.00,1.99,0.12,0.04,0.10
2024-08-05,33.23,33.48,34.11,32.94,106455,373413538.00,3.52,0.75,0.25,0.19
2024-08-06,33.73,33.87,34.36,33.58,83780,296294293.00,2.33,1.16,0.39,0.15
2024-08-07,33.87,33.61,34.07,33.43,57595,202149063.00,1.89,-0.77,-0.26,0.10
2024-08-08,33.61,34.31,34.58,33.31,90570,322069699.00,3.78,2.08,0.70,0.16
2024-08-09,34.54,34.07,34.56,34.07,63606,227385381.00,1.43,-0.70,-0.24,0.11
2024-08-12,33.98,34.06,34.42,33.91,48334,171837561.00,1.50,-0.03,-0.01,0.09
2024-08-13,34.14,33.59,34.14,33.40,53004,185532549.00,2.17,-1.38,-0.47,0.10
2024-08-14,33.59,33.17,33.59,32.98,43536,150761434.00,1.82,-1.25,-0.42,0.08
2024-08-15,33.11,33.78,34.13,33.08,87556,307671645.00,3.17,1.84,0.61,0.16
2024-08-16,33.59,33.48,33.94,33.33,64277,224996121.00,1.81,-0.89,-0.30,0.12
2024-08-19,33.48,33.28,34.03,33.26,49980,174705362.00,2.30,-0.60,-0.20,0.09
2024-08-20,33.18,32.98,33.32,32.96,45654,157462146.00,1.08,-0.90,-0.30,0.08
2024-08-21,32.92,33.18,33.43,32.84,44398,153665389.00,1.79,0.61,0.20,0.08
2024-08-22,33.31,32.95,33.38,32.49,61377,210331284.00,2.68,-0.69,-0.23,0.11
2024-08-23,32.94,33.25,33.42,32.79,43799,151508146.00,1.91,0.91,0.30,0.08
2024-08-26,33.42,32.89,33.55,32.78,50499,173854560.00,2.32,-1.08,-0.36,0.09
2024-08-27,32.78,32.78,32.98,32.48,40274,137658940.00,1.52,-0.33,-0.11,0.07
2024-08-28,32.66,32.38,32.78,32.13,75361,254654659.00,1.98,-1.22,-0.40,0.14
2024-08-29,32.28,32.57,32.64,32.08,50574,171425865.00,1.73,0.59,0.19,0.09
2024-08-30,33.36,35.58,35.97,33.24,438016,1609709204.00,8.38,9.24,3.01,0.79
2024-09-02,35.08,34.53,35.56,34.40,181274,656967644.00,3.26,-2.95,-1.05,0.33
2024-09-03,34.94,34.66,35.03,34.28,108781,392659042.00,2.17,0.38,0.13,0.20
2024-09-04,34.72,33.99,35.01,33.98,118142,421874503.00,2.97,-1.93,-0.67,0.21
2024-09-05,34.15,34.25,34.48,34.01,67749,241440292.00,1.38,0.76,0.26,0.12
2024-09-06,34.24,34.07,34.45,33.99,45769,162913071.00,1.34,-0.53,-0.18,0.08
2024-09-09,34.04,33.85,34.34,33.62,89734,316838781.00,2.11,-0.65,-0.22,0.16
2024-09-10,33.85,34.05,34.26,33.68,84554,299290509.00,1.71,0.59,0.20,0.15
2024-09-11,33.97,34.77,34.86,33.76,109491,393021008.00,3.23,2.11,0.72,0.20
2024-09-12,34.76,34.51,35.03,34.48,68227,246551248.00,1.58,-0.75,-0.26,0.12
2024-09-13,34.56,34.43,34.74,34.26,64592,231959053.00,1.39,-0.23,-0.08,0.12
2024-09-18,34.43,34.72,34.80,34.02,69772,250284762.00,2.27,0.84,0.29,0.13
2024-09-19,34.80,34.76,35.46,34.02,135263,490048801.00,4.15,0.12,0.04,0.24
2024-09-20,34.67,34.50,34.78,34.32,121790,437701312.00,1.32,-0.75,-0.26,0.22
2024-09-23,34.62,34.86,35.26,34.24,117443,427659135.00,2.96,1.04,0.36,0.21
2024-09-24,35.56,36.90,36.96,35.01,234454,881115339.00,5.59,5.85,2.04,0.42
2024-09-25,37.57,37.18,37.93,37.12,204375,795154591.00,2.20,0.76,0.28,0.37
2024-09-26,37.19,39.91,39.91,37.19,289861,1165314514.00,7.32,7.34,2.73,0.52
2024-09-27,40.84,42.38,42.38,40.80,252634,1087790126.00,3.96,6.19,2.47,0.45
2024-09-30,44.59,46.75,46.76,43.73,432113,2039123714.00,7.15,10.31,4.37,0.78
2024-10-08,51.57,50.38,51.57,49.09,562864,2939542500.00,5.30,7.76,3.63,1.01
2024-10-09,50.45,45.23,50.54,45.23,390870,1894443318.00,10.54,-10.22,-5.15,0.70
2024-10-10,45.22,45.60,46.76,44.91,234590,1111084560.00,4.09,0.82,0.37,0.42
2024-10-11,45.60,44.60,45.94,43.96,144654,668222836.00,4.34,-2.19,-1.00,0.26
2024-10-14,45.37,44.99,45.40,43.66,168698,777483253.00,3.90,0.87,0.39,0.30
2024-10-15,44.99,43.93,45.07,43.82,137256,629906546.00,2.78,-2.36,-1.06,0.25
2024-10-16,43.32,41.77,43.48,41.18,273295,1188181037.00,5.24,-4.92,-2.16,0.49
2024-10-17,41.78,40.82,42.27,40.73,137613,589277934.00,3.69,-2.27,-0.95,0.25
2024-10-18,40.73,41.67,42.57,40.40,211596,905299634.00,5.32,2.08,0.85,0.38
2024-10-21,41.84,41.77,42.11,40.88,184439,792537599.00,2.95,0.24,0.10,0.33
2024-10-22,41.76,42.06,42.48,41.68,141641,615272341.00,1.92,0.69,0.29,0.25
2024-10-23,42.13,42.54,43.16,41.89,169934,748670028.00,3.02,1.14,0.48,0.31
2024-10-24,42.28,42.06,42.68,41.88,89083,388427646.00,1.88,-1.13,-0.48,0.16
2024-10-25,42.08,42.91,43.46,41.89,132290,585172732.00,3.73,2.02,0.85,0.24
2024-10-28,42.91,43.95,43.96,42.79,138914,624878179.00,2.73,2.42,1.04,0.25
2024-10-29,44.13,43.58,44.76,43.43,152934,693843441.00,3.03,-0.84,-0.37,0.28
2024-10-30,43.14,42.73,43.93,42.46,106549,473773813.00,3.37,-1.95,-0.85,0.19
2024-10-31,42.65,42.35,42.88,41.96,120979,529593981.00,2.15,-0.89,-0.38,0.22
2024-11-01,42.36,42.81,43.28,42.14,104492,462417576.00,2.69,1.09,0.46,0.19
2024-11-04,42.58,43.36,43.57,42.33,110285,489283420.00,2.90,1.28,0.55,0.20
2024-11-05,43.33,44.07,44.36,42.95,120770,546673465.00,3.25,1.64,0.71,0.22
2024-11-06,44.08,43.78,44.44,43.32,138937,628871425.00,2.54,-0.66,-0.29,0.25
2024-11-07,43.77,47.32,47.42,43.60,300462,1425231447.00,8.73,8.09,3.54,0.54
2024-11-08,48.27,47.37,48.58,46.14,267224,1295317368.00,5.16,0.11,0.05,0.48
2024-11-11,46.38,45.97,46.96,45.08,223352,1051742182.00,3.97,-2.96,-1.40,0.40
2024-11-12,45.46,45.48,47.42,45.26,196219,934303451.00,4.70,-1.07,-0.49,0.35
2024-11-13,45.01,45.66,45.88,45.01,102395,480099495.00,1.91,0.40,0.18,0.18
2024-11-14,45.22,44.84,45.84,44.78,98468,460752927.00,2.32,-1.80,-0.82,0.18
2024-11-15,44.69,44.69,45.85,44.67,124593,581619201.00,2.63,-0.33,-0.15,0.22
2024-11-18,44.69,44.09,45.03,43.80,111302,510564185.00,2.75,-1.34,-0.60,0.20
2024-11-19,44.14,43.98,44.57,43.17,88947,402881216.00,3.18,-0.25,-0.11,0.16
2024-11-20,44.17,43.78,44.21,43.49,88162,398889722.00,1.64,-0.45,-0.20,0.16
2024-11-21,43.61,43.68,44.14,43.37,68317,307596276.00,1.76,-0.23,-0.10,0.12
2024-11-22,43.58,42.11,43.76,42.08,106098,469113294.00,3.85,-3.59,-1.57,0.19
2024-11-25,42.71,42.28,43.17,42.08,106684,468493233.00,2.59,0.40,0.17,0.19
2024-11-26,42.08,42.96,43.13,42.01,88016,389074470.00,2.65,1.61,0.68,0.16
2024-11-27,42.94,43.07,43.53,42.67,113899,506789847.00,2.00,0.26,0.11,0.20
2024-11-28,43.18,42.63,43.25,42.42,78438,346383315.00,1.93,-1.02,-0.44,0.14
2024-11-29,43.02,43.72,44.78,42.68,159496,721714287.00,4.93,2.56,1.09,0.29
2024-12-02,44.62,45.63,45.78,43.95,206166,962882701.00,4.19,4.37,1.91,0.37
2024-12-03,45.63,45.78,46.10,45.26,103953,489841209.00,1.84,0.33,0.15,0.19
2024-12-04,45.73,45.18,45.73,44.78,90718,422772625.00,2.08,-1.31,-0.60,0.16
2024-12-05,44.63,44.76,45.20,44.41,74922,346007276.00,1.75,-0.93,-0.42,0.13
2024-12-06,44.66,45.10,45.71,44.58,98454,458838244.00,2.52,0.76,0.34,0.18
2024-12-09,44.60,44.85,45.24,44.22,72131,332760787.00,2.26,-0.55,-0.25,0.13
2024-12-10,46.59,46.01,47.52,45.88,190238,915020367.00,3.66,2.59,1.16,0.34
2024-12-11,46.04,46.43,46.77,46.01,89740,429228696.00,1.65,0.91,0.42,0.16
2024-12-12,46.08,47.01,47.18,45.95,158200,760750880.00,2.65,1.25,0.58,0.28
2024-12-13,46.66,45.76,46.91,45.73,134411,640393491.00,2.51,-2.66,-1.25,0.24
2024-12-16,45.73,45.31,46.08,45.18,69589,326241142.00,1.97,-0.98,-0.45,0.13
2024-12-17,45.23,45.38,45.83,44.68,83980,392758564.00,2.54,0.15,0.07,0.15
2024-12-18,45.56,45.98,46.44,45.49,81761,387775688.00,2.09,1.32,0.60,0.15
2024-12-19,45.35,45.51,45.78,45.12,64851,303938434.00,1.44,-1.02,-0.47,0.12
2024-12-20,45.51,45.23,45.73,45.04,76548,358200070.00,1.52,-0.62,-0.28,0.14
2024-12-23,45.34,45.26,45.78,45.13,63313,296732035.00,1.44,0.07,0.03,0.11
2024-12-24,45.09,46.02,46.14,45.09,77146,364382316.00,2.32,1.68,0.76,0.14
2024-12-25,46.03,45.51,46.11,45.25,53923,253650636.00,1.87,-1.11,-0.51,0.10
2024-12-26,45.57,45.05,45.64,44.99,56242,262376209.00,1.43,-1.01,-0.46,0.10
2024-12-27,45.14,45.31,45.44,44.65,62232,289395984.00,1.75,0.58,0.26,0.11
2024-12-30,45.04,44.93,45.75,44.70,70530,327777477.00,2.32,-0.84,-0.38,0.13
2024-12-31,44.51,44.48,45.24,44.46,86907,402305068.00,1.74,-1.00,-0.45,0.16
2025-01-02,44.48,43.65,44.83,43.26,121910,554467296.00,3.53,-1.87,-0.83,0.22
2025-01-03,43.55,42.88,43.93,42.50,92688,413906239.00,3.28,-1.76,-0.77,0.17
2025-01-06,43.47,42.14,43.47,41.96,87816,386163599.00,3.52,-1.73,-0.74,0.16
2025-01-07,42.16,41.44,42.53,41.36,114044,492591120.00,2.78,-1.66,-0.70,0.21
2025-01-08,41.46,41.23,41.77,40.58,96904,412466658.00,2.87,-0.51,-0.21,0.17
2025-01-09,41.24,40.86,42.16,40.69,85593,364388515.00,3.57,-0.90,-0.37,0.15
2025-01-10,41.07,40.58,41.38,40.58,65848,278508962.00,1.96,-0.69,-0.28,0.12
2025-01-13,40.27,40.86,41.16,40.18,67584,285699731.00,2.41,0.69,0.28,0.12
2025-01-14,40.88,41.57,41.76,40.50,91960,392934512.00,3.08,1.74,0.71,0.17
2025-01-15,41.58,41.04,41.73,40.90,62041,263842667.00,2.00,-1.27,-0.53,0.11
2025-01-16,41.23,40.48,41.64,40.28,77813,328516424.00,3.31,-1.36,-0.56,0.14
2025-01-17,40.51,40.99,41.23,40.28,65545,277569260.00,2.35,1.26,0.51,0.12
2025-01-20,41.57,40.70,41.58,40.60,61069,259553993.00,2.39,-0.71,-0.29,0.11
2025-01-21,40.82,40.92,41.32,40.39,61145,258595421.00,2.29,0.54,0.22,0.11
2025-01-22,40.87,39.68,40.89,39.63,102046,421944316.00,3.08,-3.03,-1.24,0.18
2025-01-23,40.11,39.75,40.53,39.48,86293,357117118.00,2.65,0.18,0.07,0.16
2025-01-24,39.58,39.63,40.14,39.54,79770,329101061.00,1.51,-0.30,-0.12,0.14
2025-01-27,39.64,39.57,40.00,39.57,70416,289717404.00,1.09,-0.15,-0.06,0.13
2025-02-05,39.38,39.09,39.55,38.60,98631,398672640.00,2.40,-1.21,-0.48,0.18
2025-02-06,39.10,39.57,39.76,39.01,69657,284561802.00,1.92,1.23,0.48,0.13
2025-02-07,39.50,40.43,40.78,39.13,98425,409695714.00,4.17,2.17,0.86,0.18
2025-02-10,40.44,40.34,40.66,39.98,66660,277913991.00,1.68,-0.22,-0.09,0.12
2025-02-11,40.35,39.40,40.58,39.31,94760,388956257.00,3.15,-2.33,-0.94,0.17
2025-02-12,39.19,39.78,39.93,39.04,81039,330523851.00,2.26,0.96,0.38,0.15
2025-02-13,39.76,39.64,40.07,39.48,110027,453389736.00,1.48,-0.35,-0.14,0.20
2025-02-14,39.50,39.82,40.02,39.44,92725,381838720.00,1.46,0.45,0.18,0.17
2025-02-17,39.84,39.81,40.24,39.58,91154,376642021.00,1.66,-0.03,-0.01,0.16
2025-02-18,39.76,39.43,40.03,39.26,92009,377469319.00,1.93,-0.95,-0.38,0.17
2025-02-19,39.33,39.53,39.72,39.12,76612,313080325.00,1.52,0.25,0.10,0.14
2025-02-20,39.43,39.71,39.93,39.30,59034,242707105.00,1.59,0.46,0.18,0.11
2025-02-21,39.78,40.04,40.55,39.62,118130,490070870.00,2.34,0.83,0.33,0.21
2025-02-24,40.08,39.98,40.93,39.78,123307,514183663.00,2.87,-0.15,-0.06,0.22
2025-02-25,39.58,39.14,39.76,39.08,90124,367454471.00,1.70,-2.10,-0.84,0.16
2025-02-26,39.14,39.02,39.27,38.67,89424,360639154.00,1.53,-0.31,-0.12,0.16
2025-02-27,39.02,39.80,39.95,38.82,151386,618699899.00,2.90,2.00,0.78,0.27
2025-02-28,39.82,39.69,40.68,39.61,175155,728538456.00,2.69,-0.28,-0.11,0.31
2025-03-03,39.69,39.08,40.31,38.98,132290,541241476.00,3.35,-1.54,-0.61,0.24
2025-03-04,38.79,39.04,39.32,38.78,83651,338936470.00,1.38,-0.10,-0.04,0.15
2025-03-05,39.05,38.94,39.22,38.64,82701,332867912.00,1.49,-0.26,-0.10,0.15
2025-03-06,39.03,39.71,39.88,38.93,118582,483876622.00,2.44,1.98,0.77,0.21
2025-03-07,39.73,39.58,39.91,39.12,82541,337727619.00,1.99,-0.33,-0.13,0.15
2025-03-10,39.38,38.93,39.54,38.73,106148,428658984.00,2.05,-1.64,-0.65,0.19
2025-03-11,38.67,39.50,39.50,38.63,101502,410729155.00,2.23,1.46,0.57,0.18
2025-03-12,39.46,38.78,39.49,38.78,123193,496787557.00,1.80,-1.82,-0.72,0.22
2025-03-13,38.79,38.76,39.04,38.70,87207,351200019.00,0.88,-0.05,-0.02,0.16
2025-03-14,39.15,40.17,40.57,38.93,270273,1117480324.00,4.23,3.64,1.41,0.49
2025-03-17,40.90,40.64,41.26,40.38,171837,725404509.00,2.19,1.17,0.47,0.31
2025-03-18,40.63,40.03,40.81,39.98,105695,440624294.00,2.04,-1.50,-0.61,0.19
2025-03-19,40.03,40.03,40.31,39.85,78261,324256439.00,1.15,0.00,0.00,0.14
2025-03-20,40.01,39.37,40.01,39.28,103283,422233179.00,1.82,-1.65,-0.66,0.19
2025-03-21,39.29,38.66,39.56,38.66,145836,588574734.00,2.29,-1.80,-0.71,0.26
2025-03-24,38.66,38.94,38.96,38.53,102327,410957407.00,1.11,0.72,0.28,0.18
2025-03-25,38.94,39.06,39.07,38.64,72981,293869652.00,1.10,0.31,0.12,0.13
2025-03-26,39.07,39.11,39.26,38.80,73173,296088771.00,1.18,0.13,0.05,0.13
2025-03-27,39.11,39.91,39.94,38.94,134607,553101095.00,2.56,2.05,0.80,0.24
2025-03-28,39.91,39.56,40.15,39.43,73555,302448442.00,1.80,-0.88,-0.35,0.13
2025-03-31,39.38,39.16,39.78,39.06,84352,344042375.00,1.82,-1.01,-0.40,0.15
2025-04-01,39.16,39.26,39.47,38.92,71333,289715607.00,1.40,0.26,0.10,0.13
2025-04-02,39.28,39.42,39.52,38.98,71698,292282082.00,1.38,0.41,0.16,0.13
2025-04-03,38.74,39.25,39.45,38.69,116630,472588076.00,1.93,-0.43,-0.17,0.21
2025-04-07,37.88,37.88,38.88,36.69,324675,1280961512.00,5.58,-3.49,-1.37,0.58
2025-04-08,37.78,39.78,39.91,37.38,335360,1337388168.00,6.68,5.02,1.90,0.60
2025-04-09,39.38,40.77,40.79,39.08,304518,1266024278.00,4.30,2.49,0.99,0.55
2025-04-10,41.08,40.78,41.10,39.98,197638,830155109.00,2.75,0.02,0.01,0.36
2025-04-11,41.01,40.62,41.10,40.28,130331,547274175.00,2.01,-0.39,-0.16,0.23
2025-04-14,40.60,40.73,41.26,40.38,121032,512202069.00,2.17,0.27,0.11,0.22
2025-04-15,40.70,41.34,41.67,40.48,140551,599862613.00,2.92,1.50,0.61,0.25
2025-04-16,41.68,42.01,42.09,41.09,135725,582346365.00,2.42,1.62,0.67,0.24
2025-04-17,41.81,42.01,42.02,41.32,90450,391221853.00,1.67,0.00,0.00,0.16
2025-04-18,41.63,40.72,41.88,40.68,106574,452324977.00,2.86,-3.07,-1.29,0.19
2025-04-21,40.61,40.74,40.94,40.52,56772,239708844.00,1.03,0.05,0.02,0.10
2025-04-22,40.74,40.77,41.08,40.62,66118,279769834.00,1.13,0.07,0.03,0.12
2025-04-23,40.88,40.40,40.93,40.28,70792,296769443.00,1.59,-0.91,-0.37,0.13
2025-04-24,40.48,41.13,41.33,40.40,90515,384975766.00,2.30,1.81,0.73,0.16
2025-04-25,41.13,40.58,41.41,40.56,79047,334001716.00,2.07,-1.34,-0.55,0.14
2025-04-28,40.56,39.84,40.75,39.84,74305,310059797.00,2.24,-1.82,-0.74,0.13
2025-04-29,40.44,41.04,41.37,40.33,125703,533629445.00,2.61,3.01,1.20,0.23
2025-04-30,40.77,40.50,41.47,40.50,83543,354029843.00,2.36,-1.32,-0.54,0.15
2025-05-06,40.56,40.36,40.88,40.28,112744,473140810.00,1.48,-0.35,-0.14,0.20
2025-05-07,41.25,41.79,41.81,40.86,163926,701822961.00,2.35,3.54,1.43,0.29
2025-05-08,41.58,41.19,41.83,41.13,108498,463941142.00,1.68,-1.44,-0.60,0.20
2025-05-09,41.20,40.98,41.36,40.92,70200,298437609.00,1.07,-0.51,-0.21,0.13
2025-05-12,41.15,41.12,41.67,40.99,82593,352843333.00,1.66,0.34,0.14,0.15
2025-05-13,41.17,40.63,41.25,40.53,95727,403390106.00,1.75,-1.19,-0.49,0.17
2025-05-14,40.77,41.10,41.47,40.48,101111,428112424.00,2.44,1.16,0.47,0.18
2025-05-15,41.06,41.73,41.84,40.76,128643,551132632.00,2.63,1.53,0.63,0.23
2025-05-16,41.55,41.16,41.63,40.89,94320,401857081.00,1.77,-1.37,-0.57,0.17
2025-05-19,41.12,41.49,41.75,41.07,75137,322007888.00,1.65,0.80,0.33,0.14
2025-05-20,41.44,41.56,42.08,41.33,86139,371495054.00,1.81,0.17,0.07,0.15
2025-05-21,41.56,42.46,42.94,41.50,124677,544690492.00,3.46,2.17,0.90,0.22
2025-05-22,42.48,42.52,43.46,42.18,90957,400304245.00,3.01,0.14,0.06,0.16
2025-05-23,42.94,42.95,43.66,42.75,157625,704267649.00,2.14,1.01,0.43,0.28
2025-05-26,43.23,43.36,44.33,42.95,183917,828755092.00,3.21,0.95,0.41,0.33
2025-05-27,43.13,43.10,43.53,42.61,108499,481981273.00,2.12,-0.60,-0.26,0.20
2025-05-28,42.88,43.97,44.17,42.58,136566,616299494.00,3.69,2.02,0.87,0.25
2025-05-29,43.84,43.21,43.97,43.10,126218,565521178.00,1.98,-1.73,-0.76,0.23
2025-05-30,43.10,43.00,43.55,42.94,95438,425670021.00,1.41,-0.49,-0.21,0.17
2025-06-03,42.46,42.98,43.06,42.14,130164,573523458.00,2.14,-0.05,-0.02,0.23
2025-06-04,42.98,42.75,43.17,42.58,86215,381556913.00,1.37,-0.54,-0.23,0.16
2025-06-05,43.05,42.54,43.32,42.46,117598,508631464.00,2.01,-0.49,-0.21,0.21
2025-06-06,42.56,42.27,42.68,42.19,104254,447423408.00,1.15,-0.63,-0.27,0.19
2025-06-09,42.32,41.56,42.39,41.39,180650,762887643.00,2.37,-1.68,-0.71,0.32
2025-06-10,41.53,41.16,41.78,40.94,149839,628073627.00,2.02,-0.96,-0.40,0.27
2025-06-11,41.24,41.17,41.54,41.02,152020,635184565.00,1.26,0.02,0.01,0.27
2025-06-12,41.21,40.73,41.22,40.37,237159,977908029.00,2.06,-1.07,-0.44,0.43
2025-06-13,40.74,40.51,40.86,40.05,329822,1347760963.00,1.99,-0.54,-0.22,0.59
2025-06-16,40.25,39.56,40.29,39.56,284084,1145010483.00,1.80,-2.35,-0.95,0.51
2025-06-17,39.72,39.87,40.42,39.71,212708,861973483.00,1.79,0.78,0.31,0.38
2025-06-18,40.19,39.67,40.19,39.60,158846,641384487.00,1.48,-0.50,-0.20,0.29
2025-06-19,39.44,38.13,39.58,37.99,317853,1238925905.00,4.01,-3.88,-1.54,0.57
2025-06-20,38.22,37.95,38.59,37.95,165607,643310612.00,1.68,-0.47,-0.18,0.30
2025-06-23,37.69,37.88,38.04,37.36,158696,607636014.00,1.79,-0.18,-0.07,0.29
2025-06-24,38.04,38.42,38.69,38.00,153862,599867875.00,1.82,1.43,0.54,0.28
2025-06-25,38.61,38.90,38.93,38.32,150521,589744058.00,1.59,1.25,0.48,0.27
2025-06-26,38.90,38.39,38.94,38.38,122660,480187844.00,1.44,-1.31,-0.51,0.22
2025-06-27,38.39,38.20,38.45,38.15,119979,466037717.00,0.78,-0.49,-0.19,0.22
2025-06-30,38.18,38.35,38.43,38.09,101688,394910336.00,0.89,0.39,0.15,0.18
2025-07-01,38.37,38.54,38.70,38.21,94776,370083326.00,1.28,0.50,0.19,0.17
2025-07-02,38.59,38.34,38.74,38.29,96136,374710288.00,1.17,-0.52,-0.20,0.17
2025-07-03,38.30,38.36,38.48,38.22,81844,318334849.00,0.68,0.05,0.02,0.15
2025-07-04,38.34,38.30,38.49,38.15,101304,393530399.00,0.89,-0.16,-0.06,0.18
2025-07-07,38.24,38.04,38.32,37.99,86963,336316634.00,0.86,-0.68,-0.26,0.16
2025-07-08,38.00,38.32,38.39,37.99,87015,337747069.00,1.05,0.74,0.28,0.16
2025-07-09,38.34,38.04,38.64,38.04,139575,543540191.00,1.57,-0.73,-0.28,0.25
2025-07-10,38.06,38.13,38.33,38.01,118342,457916946.00,0.84,0.24,0.09,0.21
2025-07-11,38.16,38.13,38.64,38.13,246747,961458140.00,1.34,0.00,0.00,0.44
2025-07-14,38.13,37.96,38.25,37.94,162820,628974339.00,0.81,-0.45,-0.17,0.29
2025-07-15,37.85,37.83,38.03,37.64,109174,418942473.00,1.03,-0.34,-0.13,0.20
2025-07-16,37.83,37.82,38.01,37.75,95604,367018066.00,0.69,-0.03,-0.01,0.17
2025-07-17,37.83,37.96,38.15,37.82,116139,446893058.00,0.87,0.37,0.14,0.21
2025-07-18,38.09,38.24,38.31,37.99,175767,680867137.00,0.84,0.74,0.28,0.32
2025-07-21,38.24,38.34,38.37,38.17,147053,570853203.00,0.52,0.26,0.10,0.26
2025-07-22,38.30,38.94,38.94,38.28,253465,993800927.00,1.72,1.56,0.60,0.46
2025-07-23,39.00,38.87,39.29,38.82,216323,856308437.00,1.21,-0.18,-0.07,0.39
2025-07-24,38.86,39.35,39.39,38.69,199675,791701075.00,1.80,1.23,0.48,0.36
2025-07-25,39.29,38.76,39.35,38.62,224616,887223946.00,1.86,-1.50,-0.59,0.40
2025-07-28,38.62,38.49,38.77,38.42,172940,676353057.00,0.90,-0.70,-0.27,0.31
2025-07-29,38.44,38.31,38.64,38.18,148694,578422797.00,1.20,-0.47,-0.18,0.27
2025-07-30,38.32,38.64,38.84,38.13,204556,800980344.00,1.85,0.86,0.33,0.37
2025-07-31,38.65,37.79,38.66,37.72,240239,926592209.00,2.43,-2.20,-0.85,0.43
2025-08-01,37.79,37.53,37.88,37.44,170100,649518274.00,1.16,-0.69,-0.26,0.31
2025-08-04,37.36,37.70,37.72,37.34,118987,452957037.00,1.01,0.45,0.17,0.21
2025-08-05,37.72,37.84,38.00,37.66,106020,406615253.00,0.90,0.37,0.14,0.19
2025-08-06,37.85,37.79,37.87,37.56,91346,349855213.00,0.82,-0.13,-0.05,0.16
2025-08-07,37.65,37.79,37.81,37.59,102369,391777420.00,0.58,0.00,0.00,0.18
2025-08-08,37.79,37.70,37.85,37.65,78672,301088762.00,0.53,-0.24,-0.09,0.14
2025-08-11,37.70,37.93,38.03,37.64,131076,503667282.00,1.03,0.61,0.23,0.24
2025-08-12,37.93,38.00,38.19,37.87,141022,544372844.00,0.84,0.18,0.07,0.25
2025-08-13,38.01,38.03,38.21,37.95,140543,542692708.00,0.68,0.08,0.03,0.25
2025-08-14,38.02,38.21,38.69,38.00,248497,967531663.00,1.81,0.47,0.18,0.45
2025-08-15,38.16,38.33,38.46,37.92,170091,659598987.00,1.41,0.31,0.12,0.31
2025-08-18,38.44,38.76,38.94,38.43,247154,970484741.00,1.33,1.12,0.43,0.44
2025-08-19,38.76,38.70,38.94,38.64,183226,720749096.00,0.77,-0.15,-0.06,0.33
2025-08-20,38.45,38.93,38.93,38.35,183097,720404763.00,1.50,0.59,0.23,0.33
2025-08-21,38.94,39.19,39.30,38.83,189807,753515026.00,1.21,0.67,0.26,0.34
2025-08-22,39.20,39.29,39.29,39.01,183835,729924931.00,0.71,0.26,0.10,0.33
2025-08-25,39.39,40.54,40.58,39.38,325819,1327103240.00,3.05,3.18,1.25,0.59
2025-08-26,40.56,40.51,41.10,40.30,265880,1097651513.00,1.97,-0.07,-0.03,0.48
2025-08-27,40.44,39.84,40.68,39.82,268396,1095497546.00,2.12,-1.65,-0.67,0.48
2025-08-28,39.74,39.52,39.99,38.94,242379,971039043.00,2.64,-0.80,-0.32,0.44
2025-08-29,40.16,40.88,41.13,40.15,343632,1419512350.00,2.48,3.44,1.36,0.62
2025-09-01,40.84,40.66,41.59,40.51,263204,1093518366.00,2.64,-0.54,-0.22,0.47
2025-09-02,40.63,40.38,41.04,40.19,206067,846965480.00,2.09,-0.69,-0.28,0.37
2025-09-03,40.64,39.62,40.89,39.52,193352,783140905.00,3.39,-1.88,-0.76,0.35
2025-09-04,39.62,39.86,39.97,39.26,236789,949194287.00,1.79,0.61,0.24,0.43
2025-09-05,39.86,39.88,39.96,39.47,181614,730765132.00,1.23,0.05,0.02,0.33
2025-09-08,39.88,40.61,40.89,39.76,251296,1030383906.00,2.83,1.83,0.73,0.45
2025-09-09,40.74,40.77,41.03,40.46,165874,684911079.00,1.40,0.39,0.16,0.30
2025-09-10,40.77,40.39,40.84,40.39,128844,530085855.00,1.10,-0.93,-0.38,0.23
2025-09-11,40.32,40.73,40.73,40.00,164131,670589690.00,1.81,0.84,0.34,0.30
2025-09-12,40.73,40.09,41.01,40.06,165951,679752834.00,2.33,-1.57,-0.64,0.30
2025-09-15,39.96,40.28,40.46,39.84,141885,578654876.00,1.55,0.47,0.19,0.26
2025-09-16,40.29,39.77,40.40,39.69,136246,552244528.00,1.76,-1.27,-0.51,0.25
2025-09-17,39.78,39.73,40.10,39.50,103621,417275587.00,1.51,-0.10,-0.04,0.19
2025-09-18,39.72,39.23,39.80,39.04,171630,686826607.00,1.91,-1.26,-0.50,0.31
2025-09-19,39.14,39.24,39.49,39.02,109460,436226776.00,1.20,0.03,0.01,0.20
2025-09-22,39.25,38.95,39.68,38.95,106110,422017714.00,1.86,-0.74,-0.29,0.19
2025-09-23,39.18,38.74,39.53,38.46,152078,600554777.00,2.75,-0.54,-0.21,0.27
2025-09-24,38.70,38.50,39.01,38.42,136891,532259827.00,1.52,-0.62,-0.24,0.25
2025-09-25,38.49,38.30,38.58,38.30,124627,482168923.00,0.73,-0.52,-0.20,0.22
2025-09-26,38.29,38.50,38.70,38.08,135012,522436434.00,1.62,0.52,0.20,0.24
2025-09-29,38.90,38.58,38.90,38.16,172909,669810643.00,1.92,0.21,0.08,0.31
2025-09-30,38.60,38.66,38.75,38.31,122047,474592935.00,1.14,0.21,0.08,0.22
2025-10-09,38.58,39.04,39.08,38.00,166840,648105899.00,2.79,0.98,0.38,0.30
2025-10-10,38.91,38.98,39.54,38.74,175915,693962899.00,2.05,-0.15,-0.06,0.32
2025-10-13,38.38,38.60,38.80,38.20,152734,593439183.00,1.54,-0.97,-0.38,0.27
2025-10-14,38.62,38.80,39.18,38.50,138231,540287395.00,1.76,0.52,0.20,0.25
2025-10-15,39.05,39.19,39.38,38.75,168483,664327015.00,1.62,1.01,0.39,0.30
2025-10-16,39.19,39.47,39.58,39.07,114908,455577826.00,1.30,0.71,0.28,0.21
2025-10-17,39.39,38.78,39.67,38.78,117998,465960850.00,2.25,-1.75,-0.69,0.21
2025-10-20,39.01,38.64,39.06,38.50,103459,403483269.00,1.44,-0.36,-0.14,0.19
2025-10-21,38.60,38.65,38.81,38.58,80608,314153610.00,0.60,0.03,0.01,0.14
2025-10-22,38.65,38.35,38.65,38.33,93895,363697322.00,0.83,-0.78,-0.30,0.17
2025-10-23,38.30,38.33,38.40,38.15,87037,335661660.00,0.65,-0.05,-0.02,0.16
2025-10-24,38.35,38.30,38.57,38.20,90422,349365800.00,0.97,-0.08,-0.03,0.16
2025-10-27,38.32,38.41,38.49,38.21,130544,504476594.00,0.73,0.29,0.11,0.23
2025-10-28,38.42,38.10,38.43,38.01,159266,612415517.00,1.09,-0.81,-0.31,0.29
2025-10-29,38.18,38.14,38.20,37.80,136656,523090178.00,1.05,0.10,0.04,0.25
2025-10-30,38.22,37.68,38.24,37.60,246604,938767976.00,1.68,-1.21,-0.46,0.44
2025-10-31,37.60,37.81,37.89,37.47,168176,639945113.00,1.11,0.35,0.13,0.30
2025-11-03,37.82,37.85,37.94,37.66,132841,505904081.00,0.74,0.11,0.04,0.24
2025-11-04,37.85,37.45,37.85,37.36,162546,615499805.00,1.29,-1.06,-0.40,0.29
2025-11-05,37.30,37.39,37.39,37.01,133021,498951455.00,1.01,-0.16,-0.06,0.24
2025-11-06,37.37,37.41,37.57,37.31,93338,352337398.00,0.70,0.05,0.02,0.17
2025-11-07,37.35,37.67,37.74,37.20,126907,479914212.00,1.44,0.70,0.26,0.23
2025-11-10,37.67,38.35,38.44,37.51,259160,995680977.00,2.47,1.81,0.68,0.47
2025-11-11,38.35,38.32,38.42,38.02,149037,574270416.00,1.04,-0.08,-0.03,0.27
2025-11-12,38.35,38.16,38.45,38.04,135794,523620883.00,1.07,-0.42,-0.16,0.24
2025-11-13,38.16,38.30,38.34,37.85,160393,615667625.00,1.28,0.37,0.14,0.29
2025-11-14,38.20,38.12,38.87,38.08,181026,701816444.00,2.06,-0.47,-0.18,0.33
2025-11-17,38.12,37.89,38.13,37.50,136898,521237624.00,1.65,-0.60,-0.23,0.25
2025-11-18,37.85,37.67,38.07,37.57,110976,422861531.00,1.32,-0.58,-0.22,0.20
2025-11-19,37.75,37.50,37.80,37.46,71155,269592714.00,0.90,-0.45,-0.17,0.13
2025-11-20,37.64,37.45,37.80,37.41,83496,316169972.00,1.04,-0.13,-0.05,0.15
2025-11-21,37.40,36.99,37.49,36.70,133062,497860008.00,2.11,-1.23,-0.46,0.24
2025-11-24,37.08,36.58,37.16,36.55,162359,600958250.00,1.65,-1.11,-0.41,0.29
2025-11-25,36.64,36.80,36.82,36.43,116655,431057681.00,1.07,0.60,0.22,0.21
2025-11-26,36.70,36.53,36.82,36.48,105459,388688666.00,0.92,-0.73,-0.27,0.19
2025-11-27,36.54,36.69,36.78,36.26,101806,375370171.00,1.42,0.44,0.16,0.18
2025-11-28,36.67,36.66,36.75,36.44,68926,254465583.00,0.84,-0.08,-0.03,0.12
2025-12-01,36.66,36.86,37.03,36.62,83705,310233958.00,1.12,0.55,0.20,0.15
2025-12-02,36.83,36.57,36.85,36.51,66069,243701618.00,0.92,-0.79,-0.29,0.12
2025-12-03,36.52,36.11,36.55,36.10,94426,345394363.00,1.23,-1.26,-0.46,0.17
2025-12-04,36.20,35.92,36.29,35.80,85342,309292438.00,1.36,-0.53,-0.19,0.15
2025-12-05,35.92,36.21,36.25,35.78,69389,252080496.00,1.31,0.81,0.29,0.12
2025-12-08,36.21,36.21,36.38,36.15,81911,299581925.00,0.64,0.00,0.00,0.15
2025-12-09,36.20,36.17,36.41,36.03,65716,239768133.00,1.05,-0.11,-0.04,0.12
2025-12-10,36.18,36.12,36.40,35.86,80068,291236243.00,1.49,-0.14,-0.05,0.14
2025-12-11,36.11,36.04,36.11,35.81,72616,262890051.00,0.83,-0.22,-0.08,0.13
2025-12-12,36.05,36.19,36.19,35.64,107213,388765089.00,1.53,0.42,0.15,0.19
2025-12-15,36.15,36.21,36.55,36.09,99738,365847220.00,1.27,0.06,0.02,0.18
2025-12-16,36.25,36.44,36.52,36.21,98345,360350531.00,0.86,0.64,0.23,0.18
2025-12-17,36.49,36.73,36.79,36.17,129172,476374959.00,1.70,0.80,0.29,0.23
2025-12-18,36.82,36.71,36.85,36.60,76274,282256780.00,0.68,-0.05,-0.02,0.14
2025-12-19,37.21,37.48,37.56,36.88,219411,824133923.00,1.85,2.10,0.77,0.39
2025-12-22,37.48,37.55,37.65,37.13,151009,569208864.00,1.39,0.19,0.07,0.27
2025-12-23,37.55,37.48,37.62,37.31,110055,415836968.00,0.83,-0.19,-0.07,0.20
2025-12-24,37.45,37.05,37.48,37.05,109467,410149424.00,1.15,-1.15,-0.43,0.20
2025-12-25,37.04,37.10,37.11,36.86,105239,392388607.00,0.67,0.13,0.05,0.19
2025-12-26,37.07,37.12,37.22,36.97,76766,287215751.00,0.67,0.05,0.02,0.14
2025-12-29,37.12,36.92,37.18,36.90,89922,335592665.00,0.75,-0.54,-0.20,0.16
2025-12-30,36.92,36.98,37.30,36.85,81904,305740886.00,1.22,0.16,0.06,0.15
2025-12-31,36.94,36.72,37.01,36.68,98829,366462306.00,0.89,-0.70,-0.26,0.18